City_ID,City,Country,Lat,Lng,Max Temp,Humidity,Cloudiness,Wind Speed,Current Description
0,Schleswig,DE,54.5167,9.55,70.79,84,80,8.05,broken clouds
1,Thompson,CA,55.7435,-97.8558,62.76,42,20,10.36,few clouds
2,Rikitea,PF,-23.1203,-134.9692,70.65,67,38,6.42,scattered clouds
3,Ushuaia,AR,-54.8,-68.3,37.06,75,40,20.71,scattered clouds
4,Karachi,PK,24.9056,67.0822,84.02,79,75,18.41,broken clouds
5,Bluff,NZ,-46.6,168.3333,46.8,87,100,4.81,moderate rain
6,Pisco,PE,-13.7,-76.2167,66.25,72,0,9.22,clear sky
7,Tuktoyaktuk,CA,69.4541,-133.0374,48.2,93,90,17.27,light rain
8,Adrar,MR,20.5022,-10.0711,100.99,7,17,8.79,few clouds
9,Punta Arenas,CL,-53.15,-70.9167,41.11,60,0,14.97,clear sky
10,Alice Springs,AU,-23.7,133.8833,53.15,37,40,6.91,scattered clouds
11,Cidreira,BR,-30.1811,-50.2056,68.14,67,0,10.83,clear sky
12,Mildura,AU,-34.2,142.15,48.16,100,40,6.91,scattered clouds
13,East London,ZA,-33.0153,27.9116,59.49,46,4,7.78,clear sky
14,Nikolskoye,RU,59.7035,30.7861,67.89,70,24,2.53,few clouds
15,Cayenne,GF,4.9333,-52.3333,78.84,90,0,2.3,heavy intensity rain
16,Castro,BR,-24.7911,-50.0119,65.03,61,2,3.85,clear sky
17,Busselton,AU,-33.65,115.3333,58.08,65,8,20.58,clear sky
18,Codrington,AU,-38.2667,141.9667,50.04,94,73,14.32,broken clouds
19,Mar Del Plata,AR,-38.0023,-57.5575,53.62,58,90,4.0,overcast clouds
20,Labrea,BR,-7.2586,-64.7981,98.2,26,87,2.8,overcast clouds
21,Olafsvik,IS,64.8945,-23.7142,49.75,91,72,17.34,light rain
22,Gayeri,BF,12.6497,0.4931,82.62,61,80,6.85,light rain
23,Saskylakh,RU,71.9167,114.0833,55.15,68,85,13.8,overcast clouds
24,Tilichiki,RU,60.4667,166.1,53.22,98,100,4.14,overcast clouds
25,Kurilsk,RU,45.2333,147.8833,62.13,86,3,6.71,clear sky
26,Puerto Ayora,EC,-0.7393,-90.3518,80.56,82,35,10.0,scattered clouds
27,New Norfolk,AU,-42.7826,147.0587,43.88,68,47,3.0,scattered clouds
28,Mataura,NZ,-46.1927,168.8643,46.47,92,100,3.38,moderate rain
29,Ponta Pora,BR,-22.5361,-55.7256,85.91,30,0,13.8,clear sky
30,Tiksi,RU,71.6872,128.8694,48.25,81,100,6.38,overcast clouds
31,Hobart,AU,-42.8794,147.3294,44.22,71,20,5.01,few clouds
32,Namibe,AO,-15.1961,12.1522,66.6,87,0,4.92,clear sky
33,Port Elizabeth,ZA,-33.918,25.5701,52.09,82,40,5.75,scattered clouds
34,Aklavik,CA,68.2191,-135.0107,54.43,67,100,19.15,overcast clouds
35,Port Alfred,ZA,-33.5906,26.891,61.18,43,58,11.21,broken clouds
36,Banepa,NP,27.6298,85.5214,68.32,100,75,2.3,broken clouds
37,Aksarka,RU,66.5606,67.7975,44.08,85,2,9.1,clear sky
38,Kapaa,US,22.0752,-159.319,82.72,79,75,1.99,light rain
39,Cape Town,ZA,-33.9258,18.4232,62.11,53,0,3.44,clear sky
40,Hasaki,JP,35.7333,140.8333,75.6,79,10,15.75,clear sky
41,Carballo,ES,43.213,-8.691,68.07,88,62,2.91,broken clouds
42,Tongchuan,CN,35.0806,109.0897,74.89,71,78,2.35,light rain
43,Butaritari,KI,3.0707,172.7902,82.08,74,92,11.12,moderate rain
44,Teeli,RU,51.0333,90.2333,59.18,75,99,2.26,overcast clouds
45,Yellowknife,CA,62.456,-114.3525,63.32,51,20,3.0,few clouds
46,Salalah,OM,17.0151,54.0924,78.89,89,75,8.05,broken clouds
47,Lagoa,PT,39.05,-27.9833,70.23,77,100,12.28,overcast clouds
48,Ballina,AU,-28.8667,153.5667,46.78,63,0,6.62,clear sky
49,Bredasdorp,ZA,-34.5322,20.0403,45.72,93,100,3.44,overcast clouds
50,Maniitsoq,GL,65.4167,-52.9,45.93,73,100,8.79,overcast clouds
51,Geraldton,AU,-28.7667,114.6,46.81,93,0,12.66,clear sky
52,Lebu,CL,-37.6167,-73.65,52.11,88,39,12.1,scattered clouds
53,Georgetown,MY,5.4112,100.3354,83.89,85,20,2.3,few clouds
54,Yulara,AU,-25.2406,130.9889,46.24,61,5,5.75,clear sky
55,Joensuu,FI,62.6012,29.7632,63.27,68,0,4.61,clear sky
56,Carnarvon,AU,-24.8667,113.6333,51.87,74,0,6.91,clear sky
57,Klaksvik,FO,62.2266,-6.589,52.72,94,100,10.04,overcast clouds
58,Kulunda,RU,52.566,78.9385,70.5,54,18,6.98,light rain
59,Kudahuvadhoo,MV,2.6708,72.8944,81.28,76,84,11.61,broken clouds
60,Sola,VU,-13.8833,167.55,79.88,80,55,9.82,broken clouds
61,Maragogi,BR,-9.0122,-35.2225,74.55,86,19,13.42,few clouds
62,Chuy,UY,-33.6971,-53.4616,66.07,85,1,5.59,clear sky
63,Vaini,TO,-21.2,-175.2,75.47,83,71,4.83,broken clouds
64,Kruisfontein,ZA,-34.0033,24.7314,54.28,37,70,5.91,broken clouds
65,Isangel,VU,-19.55,169.2667,75.0,87,100,12.8,overcast clouds
66,Orocue,CO,4.7912,-71.3354,84.38,61,79,7.96,broken clouds
67,Broken Hill,AU,-31.95,141.4333,46.96,81,3,11.36,clear sky
68,Puerto Madryn,AR,-42.7692,-65.0385,52.43,36,91,21.85,overcast clouds
69,Bambous Virieux,MU,-20.3428,57.7575,70.05,64,20,11.5,few clouds
70,Atuona,PF,-9.8,-139.0333,77.97,69,68,22.95,broken clouds
71,Havre-Saint-Pierre,CA,50.2334,-63.5986,73.76,60,1,13.8,clear sky
72,Hamilton,US,39.1834,-84.5333,91.22,67,40,1.01,scattered clouds
73,Avarua,CK,-21.2078,-159.775,75.25,88,40,4.61,scattered clouds
74,Aland,IN,17.5667,76.5667,74.23,88,30,16.73,scattered clouds
75,Dikson,RU,73.5069,80.5464,39.42,85,100,14.88,overcast clouds
76,Albany,US,42.6001,-73.9662,84.67,75,60,1.99,broken clouds
77,Esperance,AU,-33.8667,121.9,52.84,86,2,17.6,clear sky
78,Bengkulu,ID,-3.8004,102.2655,74.48,86,2,5.41,clear sky
79,Bilibino,RU,68.0546,166.4372,48.81,67,42,4.0,scattered clouds
80,Mantua,IT,45.1667,10.7833,82.72,75,100,7.0,overcast clouds
81,Basco,PH,20.4487,121.9702,82.92,88,97,30.22,light rain
82,Poli,TZ,-3.3333,36.8,55.42,62,14,7.25,few clouds
83,Amalapuram,IN,16.5833,82.0167,81.27,82,70,4.43,broken clouds
84,Tasiilaq,GL,65.6145,-37.6368,48.36,85,50,5.26,scattered clouds
85,Atkarsk,RU,51.8718,45.0078,58.21,67,6,2.46,clear sky
86,Tuy Hoa,VN,13.0833,109.3,81.7,64,92,16.93,overcast clouds
87,Hithadhoo,MV,-0.6,73.0833,80.6,75,87,4.0,light rain
88,Sao Joao Da Barra,BR,-21.6403,-41.0511,75.29,68,0,15.48,clear sky
89,Narasannapeta,IN,18.4167,84.05,82.71,76,100,6.71,overcast clouds
90,Antalaha,MG,-14.9003,50.2788,65.3,84,76,7.7,broken clouds
91,Ostrovnoy,RU,68.0531,39.5131,45.79,90,100,16.26,overcast clouds
92,Kununurra,AU,-15.7667,128.7333,58.98,82,99,3.44,overcast clouds
93,Norman Wells,CA,65.282,-126.8329,69.84,43,40,3.44,scattered clouds
94,Meulaboh,ID,4.1363,96.1285,76.95,87,97,3.76,overcast clouds
95,Gusau,NG,12.1628,6.6614,77.5,79,99,8.46,light rain
96,Stephenville,US,32.2207,-98.2023,99.77,33,1,4.61,clear sky
97,Srednekolymsk,RU,67.45,153.6833,42.1,70,100,16.24,overcast clouds
98,Gotha,DE,50.9482,10.7019,70.14,82,0,4.61,clear sky
99,Barrow,US,71.2906,-156.7887,44.62,92,90,12.66,overcast clouds
100,Jamestown,US,42.097,-79.2353,85.32,54,20,9.22,few clouds
101,Acarau,BR,-2.8856,-40.12,82.33,63,12,17.31,few clouds
102,Marsh Harbour,BS,26.5412,-77.0636,83.75,71,98,10.87,overcast clouds
103,Port Macquarie,AU,-31.4333,152.9167,51.76,63,0,6.53,clear sky
104,Hermanus,ZA,-34.4187,19.2345,61.9,53,100,9.73,overcast clouds
105,Beringovskiy,RU,63.05,179.3167,51.76,90,100,1.61,overcast clouds
106,Qaanaaq,GL,77.484,-69.3632,40.53,71,80,5.68,broken clouds
107,Verkhnyaya Inta,RU,65.9811,60.3094,47.48,94,100,12.39,overcast clouds
108,Tucuma,BR,-0.1833,-50.05,86.36,60,57,8.12,broken clouds
109,Kaitangata,NZ,-46.2817,169.8464,48.92,72,100,3.02,overcast clouds
110,Avera,US,33.194,-82.5271,91.45,50,84,4.41,broken clouds
111,Atar,MR,20.5169,-13.0499,104.85,13,97,1.34,overcast clouds
112,Mezen,RU,65.8522,44.24,46.56,81,100,6.89,overcast clouds
113,Broome,US,42.2506,-75.833,85.69,64,40,3.0,scattered clouds
114,Kavaratti,IN,10.5669,72.642,81.0,79,100,21.61,overcast clouds
115,Victoria,HK,22.2855,114.1577,86.38,84,16,1.01,few clouds
116,Yeppoon,AU,-23.1333,150.7333,42.58,50,0,5.26,clear sky
117,Constitucion,CL,-35.3333,-72.4167,53.65,86,26,9.13,scattered clouds
118,Chokurdakh,RU,70.6333,147.9167,41.11,67,1,9.71,clear sky
119,Waterloo,CA,43.4668,-80.5164,87.31,51,20,8.01,few clouds
120,Vao,NC,-22.6667,167.4833,71.38,70,54,15.75,broken clouds
121,Ciceu-Giurgesti,RO,47.25,24.0167,72.0,62,76,4.14,broken clouds
122,Tanout,NE,14.9709,8.8879,90.9,43,94,17.63,overcast clouds
123,Petropavlovsk-Kamchatskiy,RU,53.0452,158.6483,59.59,100,20,4.47,few clouds
124,Mbini,GQ,1.574,9.6134,76.37,84,97,7.36,overcast clouds
125,Laviana,ES,43.2333,-5.5333,63.91,96,98,2.13,overcast clouds
126,Karratha,AU,-20.7377,116.8463,69.03,48,55,5.95,broken clouds
127,Usinsk,RU,65.9939,57.5281,46.35,93,100,10.16,overcast clouds
128,Vaitape,PF,-16.5167,-151.75,78.03,66,0,12.73,clear sky
129,Vuktyl,RU,63.8567,57.3094,50.36,76,99,4.97,overcast clouds
130,Talara,PE,-4.5772,-81.2719,75.96,78,0,13.8,clear sky
131,Sayat,TM,38.7839,63.8803,93.07,13,0,22.88,clear sky
132,Khatanga,RU,71.9667,102.5,48.83,87,43,6.46,scattered clouds
133,Kutum,SD,14.2,24.6667,72.09,73,100,9.71,overcast clouds
134,Finschhafen,PG,-6.6024,147.8681,77.77,84,100,7.49,light rain
135,Itaituba,BR,-4.2761,-55.9836,95.16,49,40,5.75,scattered clouds
136,Malindi,KE,-3.2175,40.1191,75.2,76,19,21.16,few clouds
137,Pedernales,DO,18.0384,-71.744,83.39,74,71,8.08,broken clouds
138,Mahebourg,MU,-20.4081,57.7,70.09,64,20,11.5,few clouds
139,Tuatapere,NZ,-46.1333,167.6833,46.81,95,100,4.74,moderate rain
140,Gambiran,ID,-6.7988,111.4951,68.56,84,20,4.9,few clouds
141,Russell,US,32.3502,-85.1999,91.9,36,88,1.39,overcast clouds
142,Olinda,BR,-8.0089,-34.8553,73.13,83,75,0.0,broken clouds
143,Vardo,NO,70.3705,31.1107,46.6,93,75,16.11,drizzle
144,Tavda,RU,58.0425,65.2726,55.87,57,100,6.17,overcast clouds
145,Luanda,AO,-8.8368,13.2343,70.38,87,5,10.74,clear sky
146,Warrensburg,US,38.7628,-93.7361,91.29,70,1,3.0,clear sky
147,Mpanda,TZ,-6.3655,31.0409,63.39,55,8,7.14,clear sky
148,Airai,TL,-8.9266,125.4092,55.85,52,76,3.22,broken clouds
149,Eirunepe,BR,-6.6603,-69.8736,89.15,50,89,0.89,overcast clouds
150,Gaoual,GN,11.75,-13.2,76.03,93,100,4.14,light rain
151,Port Blair,IN,11.6667,92.75,82.17,86,100,16.6,overcast clouds
152,Poum,NC,-20.2333,164.0167,72.32,78,1,17.25,clear sky
153,Minot,US,48.2325,-101.2963,94.19,17,1,9.22,haze
154,Talnakh,RU,69.4865,88.3972,55.8,93,100,4.88,overcast clouds
155,Kodiak,US,57.79,-152.4072,51.31,87,90,5.75,fog
156,Mehamn,NO,71.0357,27.8492,46.58,81,75,11.5,broken clouds
157,Takoradi,GH,4.8845,-1.7554,75.42,78,22,9.08,few clouds
158,Dingle,PH,10.9995,122.6711,77.14,89,34,9.69,light rain
159,Pachino,IT,36.7186,15.0907,84.6,56,0,9.17,clear sky
160,Zhigansk,RU,66.7697,123.3711,58.62,66,38,8.61,scattered clouds
161,Oriximina,BR,-1.7656,-55.8661,91.62,38,100,6.62,overcast clouds
162,Hovd,MN,48.0056,91.6419,65.61,58,45,3.53,scattered clouds
163,Urengoy,RU,65.9667,78.3667,58.71,80,100,5.86,overcast clouds
164,Biak,ID,-0.9131,122.8766,74.55,83,65,5.61,broken clouds
165,Izberbash,RU,42.5696,47.8645,77.09,70,0,4.03,clear sky
166,Puerto Narino,CO,-3.7703,-70.3831,87.75,64,100,3.2,overcast clouds
167,Merritt,CA,50.1123,-120.7942,85.39,27,0,9.78,clear sky
168,Tazovskiy,RU,67.4667,78.7,52.34,79,100,7.02,overcast clouds
169,Kloulklubed,PW,7.0419,134.2556,83.89,74,100,17.63,overcast clouds
170,Cherskiy,RU,68.75,161.3,45.93,63,23,7.2,few clouds
171,Isabela,PH,6.7085,121.9711,78.44,85,97,4.25,overcast clouds
172,Henties Bay,NA,-22.116,14.2845,70.32,34,51,9.4,broken clouds
173,Mingaora,PK,34.7758,72.3625,81.54,66,3,4.34,clear sky
174,Saint George,US,37.1041,-113.5841,96.39,33,1,4.0,clear sky
175,Aberdeen,GB,57.1437,-2.0981,64.89,88,90,6.91,overcast clouds
176,Temyasovo,RU,52.9933,58.1014,53.96,71,0,4.43,clear sky
177,Trairi,BR,-3.2778,-39.2689,80.28,68,17,12.71,few clouds
178,Kampong Thum,KH,12.7111,104.8887,73.89,91,99,2.17,overcast clouds
179,Harrogate,GB,53.9908,-1.5373,67.46,57,40,1.99,scattered clouds
180,Kayerkan,RU,69.3497,87.7602,53.83,94,100,3.83,overcast clouds
181,Nelson Bay,AU,-32.7167,152.15,53.1,68,0,3.0,clear sky
182,Touros,BR,-5.1989,-35.4608,79.7,73,7,14.94,clear sky
183,Mizan Teferi,ET,6.9833,35.5833,58.73,97,100,2.66,overcast clouds
184,Bathsheba,BB,13.2167,-59.5167,84.81,79,20,11.5,few clouds
185,Saldanha,ZA,-33.0117,17.9442,53.65,50,100,12.41,overcast clouds
186,Rupert,US,42.6191,-113.6772,87.69,23,1,9.22,clear sky
187,San Quintin,MX,30.4833,-115.95,68.38,84,100,9.06,overcast clouds
188,Bukan,IR,36.521,46.2089,81.59,24,0,4.0,clear sky
189,Ponazyrevo,RU,58.3578,46.3142,55.17,70,89,4.29,overcast clouds
190,Wanxian,CN,30.8039,108.3897,77.14,85,1,1.28,clear sky
191,Hilo,US,19.7297,-155.09,82.62,85,90,3.44,moderate rain
192,Orchard Homes,US,46.8633,-114.0484,90.59,23,1,1.01,haze
193,Alta Floresta,BR,-9.8756,-56.0861,93.02,31,20,2.3,few clouds
194,Dongsheng,CN,39.8161,109.9776,69.58,75,100,12.06,moderate rain
195,Pevek,RU,69.7008,170.3133,34.88,91,100,8.63,overcast clouds
196,Jurilovca,RO,44.7667,28.8667,70.03,61,0,3.87,clear sky
197,Severo-Kurilsk,RU,50.6789,156.125,55.06,97,86,3.8,overcast clouds
198,Paamiut,GL,61.994,-49.6678,44.29,73,82,5.59,broken clouds
199,Provideniya,RU,64.3833,-173.3,46.51,100,90,6.71,moderate rain
200,Port Lincoln,AU,-34.7333,135.8667,55.89,82,100,18.57,overcast clouds
201,Nioro,GM,13.35,-15.75,80.73,66,100,9.28,overcast clouds
202,Mabaruma,GY,8.2,-59.7833,73.78,98,100,2.44,overcast clouds
203,Palmer,US,42.1584,-72.3287,77.47,78,100,1.01,overcast clouds
204,Lorengau,PG,-2.0226,147.2712,78.66,83,100,8.66,overcast clouds
205,Praia Da Vitoria,PT,38.7333,-27.0667,73.76,94,75,11.81,broken clouds
206,Beidao,CN,34.5686,105.8933,70.07,90,100,3.04,light rain
207,College,US,64.8569,-147.8028,65.59,57,75,5.75,broken clouds
208,Gisors,FR,49.2818,1.7801,67.6,95,25,6.89,scattered clouds
209,Udomlya,RU,57.8794,34.9925,56.8,72,38,2.93,scattered clouds
210,Mustasaari,FI,63.1142,21.6822,65.89,77,0,2.3,clear sky
211,Xai-Xai,MZ,-25.0519,33.6442,61.18,75,22,6.38,few clouds
212,Seymchan,RU,62.8833,152.4333,57.92,95,100,6.91,light rain
213,Saint-Philippe,RE,-21.3585,55.7679,69.35,77,36,11.92,scattered clouds
214,Ulladulla,AU,-35.35,150.4667,55.09,63,4,12.55,clear sky
215,Itarema,BR,-2.9248,-39.9167,81.09,65,23,16.33,few clouds
216,Cururupu,BR,-1.8283,-44.8683,83.26,66,71,3.96,broken clouds
217,Buenos Aires,AR,-34.6132,-58.3772,58.73,91,90,5.75,overcast clouds
218,Longyearbyen,SJ,78.2186,15.6401,44.44,87,75,10.36,broken clouds
219,Taoudenni,ML,22.6783,-3.9836,106.21,5,47,10.92,scattered clouds
220,Oyama,JP,36.3,139.8,80.04,78,98,4.47,overcast clouds
221,Verkhnyaya Balkariya,RU,43.1279,43.4573,63.52,90,68,2.01,broken clouds
222,Cap Malheureux,MU,-19.9842,57.6142,70.29,62,5,5.99,clear sky
223,Eyl,SO,7.9803,49.8164,77.2,70,4,21.63,clear sky
224,Belmonte,BR,-15.8631,-38.8828,71.6,81,71,10.51,broken clouds
225,Mirnyy,RU,62.5353,113.9611,61.84,63,20,3.22,few clouds
226,Dalbandin,PK,28.8947,64.4101,97.11,10,12,5.73,few clouds
227,Khandyga,RU,62.6667,135.6,56.57,94,63,2.66,broken clouds
228,Bud,US,39.447,-86.1758,88.21,74,35,3.22,scattered clouds
229,Powell River,CA,49.8496,-124.5361,82.04,60,20,6.91,few clouds
230,Naryan-Mar,RU,67.6713,53.087,40.71,88,46,12.93,scattered clouds
231,Contamana,PE,-7.3333,-75.0167,95.63,30,67,1.21,broken clouds
232,Am Timan,TD,11.0297,20.2827,73.89,81,100,4.74,overcast clouds
233,La Ronge,CA,55.1001,-105.2842,71.82,46,75,9.22,broken clouds
234,Staszow,PL,50.5631,21.1659,70.7,66,84,8.88,broken clouds
235,Ndele,CF,8.4109,20.6473,71.58,97,100,4.18,light rain
236,Okmulgee,US,35.6234,-95.9605,99.32,44,1,6.91,clear sky
237,Oistins,BB,13.0667,-59.5333,84.29,79,20,11.5,few clouds
238,Tammisaari,FI,59.9736,23.4339,69.73,76,14,5.88,few clouds
239,Manadhoo,MV,5.7667,73.3833,81.91,78,100,18.99,overcast clouds
240,Arraial Do Cabo,BR,-22.9661,-42.0278,73.36,68,0,18.41,clear sky
241,Ola,RU,59.5833,151.2833,54.01,95,100,4.43,light rain
242,Maceio,BR,-9.6658,-35.7353,72.84,94,75,5.75,broken clouds
243,Khislavichi,RU,54.1871,32.1582,62.51,75,18,4.21,few clouds
244,Nizhniy Kuranakh,RU,58.8353,125.4869,58.57,87,98,1.66,overcast clouds
245,Hyeres,FR,43.1167,6.1167,79.48,55,0,3.44,clear sky
246,Noumea,NC,-22.2763,166.4572,69.01,99,66,6.73,broken clouds
247,Slave Lake,CA,55.2834,-114.769,66.18,68,1,4.61,clear sky
248,Raudeberg,NO,61.9875,5.1352,69.4,84,0,11.92,clear sky
249,Upernavik,GL,72.7868,-56.1549,41.25,81,12,13.24,few clouds
250,Qrendi,MT,35.8347,14.4583,81.1,73,0,3.44,clear sky
251,Darhan,MN,49.4867,105.9228,58.41,76,54,4.43,broken clouds
252,Williston,US,48.147,-103.618,95.58,21,0,1.99,clear sky
253,Sitka,US,57.0531,-135.33,57.09,77,75,5.75,light rain
254,Tikapur,NP,28.5,81.1333,82.08,84,100,4.79,overcast clouds
255,Puerto Escondido,MX,15.85,-97.0667,90.43,62,40,10.36,scattered clouds
256,Aonla,IN,28.2833,79.15,86.25,70,100,7.85,overcast clouds
257,Manggar,ID,-2.8833,108.2667,81.03,73,3,14.2,clear sky
258,Sangar,RU,63.9242,127.4739,57.88,73,3,4.41,clear sky
259,Rabo De Peixe,PT,37.8,-25.5833,71.11,78,40,6.91,scattered clouds
260,Adana,TR,36.985,35.2881,81.81,83,0,0.0,clear sky
261,Talcahuano,CL,-36.7167,-73.1167,49.68,100,75,6.91,broken clouds
262,Stokmarknes,NO,68.5646,14.9108,57.51,89,87,3.62,overcast clouds
263,San Patricio,US,28.017,-97.5169,95.72,42,0,13.87,clear sky
264,Besancon,FR,47.2488,6.0182,68.45,100,100,2.04,overcast clouds
265,Hobyo,SO,5.3505,48.5268,76.66,75,29,24.96,scattered clouds
266,Kainantu,PG,-6.2887,145.8655,59.83,98,88,0.47,overcast clouds
267,Ginir,ET,7.1333,40.7,58.23,66,98,12.86,overcast clouds
268,Mukhen,RU,48.1,136.1,72.14,88,98,3.96,overcast clouds
269,Iralaya,HN,15.0,-83.2333,83.93,67,100,8.48,overcast clouds
270,Hami,CN,42.8,93.45,85.69,19,0,8.93,clear sky
271,Katsuura,JP,35.1333,140.3,80.11,83,56,12.08,broken clouds
272,Lunenburg,CA,44.3835,-64.3155,74.41,82,100,14.97,overcast clouds
273,Monrovia,LR,6.3005,-10.7969,76.77,75,98,7.65,overcast clouds
274,Chimbote,PE,-9.0853,-78.5783,68.54,73,20,9.64,few clouds
275,Wynyard,AU,-41.0,145.7167,44.96,89,33,6.42,scattered clouds
276,Sorong,ID,-0.8833,131.25,77.11,87,100,8.99,overcast clouds
277,Harindanga,IN,22.0383,88.3214,84.18,81,100,6.53,overcast clouds
278,Eckernforde,DE,54.4667,9.8333,71.11,89,52,7.25,broken clouds
279,Mwinilunga,ZM,-11.7358,24.4293,58.82,43,0,8.7,clear sky
280,Leisure City,US,25.4954,-80.4292,89.02,73,75,1.99,broken clouds
281,Los Llanos De Aridane,ES,28.6585,-17.9182,69.55,78,20,16.11,few clouds
282,Lahat,ID,-3.8,103.5333,68.77,84,4,3.29,clear sky
283,Batagay-Alyta,RU,67.8006,130.4114,58.24,66,74,1.68,broken clouds
284,Baykit,RU,61.67,96.37,64.83,75,34,2.24,scattered clouds
285,Havoysund,NO,70.9963,24.6622,47.28,74,100,7.45,overcast clouds
286,Iqaluit,CA,63.7506,-68.5145,51.53,87,75,5.99,broken clouds
287,Kahului,US,20.8947,-156.47,84.22,83,40,20.71,scattered clouds
288,Salinopolis,BR,-0.6136,-47.3561,82.47,73,92,10.51,overcast clouds
289,Pemberton,CA,50.3164,-122.8027,87.49,36,12,6.71,few clouds
290,Nangomba,TZ,-10.9,38.5,67.33,47,26,3.02,scattered clouds
291,Coihaique,CL,-45.5752,-72.0662,42.75,52,40,8.05,scattered clouds
292,Fremont,US,37.5483,-121.9886,95.2,54,20,1.99,few clouds
293,Bang Mun Nak,TH,16.0278,100.3792,75.63,91,100,9.44,overcast clouds
294,Loukhi,RU,66.0764,33.0381,55.96,79,98,5.19,overcast clouds
295,Achacachi,BO,-16.05,-68.6833,50.72,48,45,10.56,scattered clouds
296,Burns Lake,CA,54.2331,-125.7533,60.22,51,65,7.83,broken clouds
297,Coahuayana,MX,18.7333,-103.6833,90.88,64,72,6.02,broken clouds
298,Dwarka,IN,22.2394,68.9678,82.0,87,100,21.05,very heavy rain
299,Boden,SE,65.8252,21.6886,62.6,82,100,2.66,overcast clouds
300,Auki,SB,-8.7676,160.7034,76.57,88,93,4.7,overcast clouds
301,Bubaque,GW,11.2833,-15.8333,79.41,81,100,9.55,overcast clouds
302,Appleton,US,44.2619,-88.4154,87.89,42,40,5.01,scattered clouds
303,Tinskoy,RU,56.1525,96.9161,61.88,71,91,4.68,overcast clouds
304,San Salvo,IT,42.0433,14.7272,84.99,32,100,11.27,light rain
305,Khairagarh,IN,26.95,77.8167,88.83,63,98,7.05,light rain
306,Mount Gambier,AU,-37.8333,140.7667,49.91,100,75,10.36,broken clouds
307,Borba,BR,-4.3878,-59.5939,95.47,31,97,4.03,overcast clouds
308,Satipo,PE,-11.2522,-74.6386,90.86,31,1,1.14,clear sky
309,Los Andes,CL,-32.8337,-70.5983,61.02,43,12,6.26,few clouds
310,Biltine,TD,14.5333,20.9167,78.4,74,100,3.38,overcast clouds
311,Mandera,KE,3.9366,41.867,80.24,40,100,25.1,overcast clouds
312,Lahij,YE,13.1667,44.5833,81.3,68,63,1.59,broken clouds
313,Vila Velha,BR,-20.3297,-40.2925,73.35,64,40,9.22,scattered clouds
314,Dalvik,IS,65.9702,-18.5286,60.73,74,100,10.33,overcast clouds
315,Santiago Del Estero,AR,-27.7951,-64.2615,68.81,25,12,9.28,few clouds
316,Stornoway,GB,58.2093,-6.3865,57.92,94,90,10.36,overcast clouds
317,Sorland,NO,67.667,12.6934,54.37,84,98,6.38,overcast clouds
318,Ambon,ID,-3.6954,128.1814,77.14,94,40,0.0,scattered clouds
319,Muros,ES,42.7762,-9.0603,69.1,73,7,10.18,clear sky
320,Lasa,IT,46.6166,10.7002,62.02,89,67,2.28,broken clouds
321,Setubal,PT,38.5244,-8.8882,72.5,82,17,10.33,few clouds
322,Ocos,GT,14.5094,-92.1933,93.7,71,35,7.43,scattered clouds
323,Arman,RU,59.7,150.1667,53.47,99,100,5.7,light rain
324,Alyangula,AU,-13.8483,136.4192,69.69,73,89,10.83,overcast clouds
325,Tawang,IN,27.5833,91.8667,59.2,96,100,1.36,overcast clouds
326,Faanui,PF,-16.4833,-151.75,78.01,66,0,12.86,clear sky
327,Hope,US,33.6671,-93.5916,93.25,43,6,4.34,clear sky
328,Buraydah,SA,26.326,43.975,100.85,13,3,10.71,clear sky
329,Belize,BZ,17.25,-88.75,93.52,34,11,5.28,few clouds
330,Marawi,PH,7.9986,124.2928,70.65,89,94,5.41,overcast clouds
331,Trinidad,BO,-14.8333,-64.9,93.18,46,20,12.66,few clouds
332,Guerrero Negro,MX,27.9769,-114.0611,78.66,56,85,11.68,overcast clouds
333,Yerbogachen,RU,61.2767,108.0108,61.38,66,78,1.36,broken clouds
334,Imbituba,BR,-28.24,-48.6703,67.89,72,100,11.25,overcast clouds
335,Metro,ID,-5.1131,105.3067,70.41,90,0,3.71,clear sky
336,Nabire,ID,-3.3667,135.4833,75.88,87,100,3.51,overcast clouds
337,Mahibadhoo,MV,3.7833,72.9667,82.02,79,100,19.04,heavy intensity rain
338,Agropoli,IT,40.3469,14.9966,83.44,60,99,3.2,overcast clouds
339,Porto Velho,BR,-8.7619,-63.9039,95.05,34,0,6.91,clear sky
340,Jalor,IN,25.35,72.6167,82.76,81,100,13.56,moderate rain
341,Billings,US,45.7833,-108.5007,96.51,17,20,5.75,haze
342,Bac Lieu,VN,9.285,105.7244,78.64,86,98,7.34,overcast clouds
343,Chumikan,RU,54.7183,135.315,63.05,89,10,12.71,clear sky
344,Rafai,CF,4.95,23.9167,70.16,95,98,0.98,light rain
345,Balikpapan,ID,-1.2675,116.8289,75.24,83,35,6.91,scattered clouds
346,Merauke,ID,-8.4667,140.3333,76.66,79,100,8.55,overcast clouds
347,Bethel,US,41.3712,-73.414,82.36,79,75,5.75,broken clouds
348,Goya,AR,-29.14,-59.2626,80.1,43,55,5.37,broken clouds
349,Neiafu,TO,-18.65,-173.9833,75.88,88,75,0.0,broken clouds
350,Never,FR,46.9896,3.159,67.75,81,100,6.06,overcast clouds
351,Ribeira Grande,PT,38.5167,-28.7,73.8,78,20,16.11,few clouds
352,Obera,AR,-27.4871,-55.1199,82.78,35,89,5.37,overcast clouds
353,Ous,RU,60.9058,61.5186,50.9,74,97,4.65,overcast clouds
354,Marsa Matruh,EG,31.3525,27.2453,79.0,65,0,11.5,clear sky
355,Tonj,SS,7.2737,28.6822,70.77,96,100,6.06,overcast clouds
356,Ust-Nera,RU,64.5667,143.2,50.34,97,100,7.34,light rain
357,Vorotynets,RU,56.0603,45.8633,53.89,70,15,4.56,few clouds
358,Clacton-On-Sea,GB,51.7897,1.156,66.29,90,63,1.01,broken clouds
359,West Richland,US,46.3043,-119.3614,97.88,26,1,3.0,clear sky
360,Odweyne,SO,9.4092,45.064,71.96,47,64,20.36,broken clouds
361,Dunedin,NZ,-45.8742,170.5036,50.81,74,100,15.99,overcast clouds
362,North Battleford,CA,52.7834,-108.2847,69.89,56,40,10.36,scattered clouds
363,Ust-Kuyga,RU,70.0167,135.6,55.69,64,10,1.5,clear sky
364,Livingston,GB,55.9029,-3.5226,64.94,79,0,6.91,clear sky
365,Chulym,RU,55.0997,80.9572,66.34,89,76,3.33,light rain
366,Rensvik,NO,63.1,7.8167,65.86,82,20,12.66,few clouds
367,Lavrentiya,RU,65.5833,-171.0,44.42,99,100,3.76,light rain
368,Khandbari,NP,27.3747,87.2039,73.49,93,100,0.54,moderate rain
369,Half Moon Bay,US,37.4636,-122.4286,92.91,64,40,1.99,scattered clouds
370,Nyurba,RU,63.2842,118.3319,61.99,76,6,4.88,clear sky
371,Kavieng,PG,-2.5744,150.7967,81.0,76,93,3.51,light rain
372,Sechura,PE,-5.5569,-80.8222,76.01,62,28,15.19,scattered clouds
373,Kangaatsiaq,GL,68.3065,-53.4641,41.38,86,100,8.5,overcast clouds
374,Waipawa,NZ,-41.4122,175.5153,52.03,77,100,13.24,overcast clouds
375,Hurghada,EG,27.2574,33.8129,86.04,48,0,0.0,clear sky
376,Qeshm,IR,26.9581,56.2719,91.29,73,22,6.17,few clouds
377,Pangai,TO,-19.8,-174.35,73.51,100,75,3.44,broken clouds
378,Strezhevoy,RU,60.7333,77.5889,60.78,99,89,9.57,overcast clouds
379,Nanortalik,GL,60.1432,-45.2371,45.12,73,100,13.76,overcast clouds
380,Nanakuli,US,21.3906,-158.1547,87.75,55,75,12.66,broken clouds
381,Yangjiang,CN,21.85,111.9667,80.06,88,6,3.69,clear sky
382,Gladstone,AU,-23.85,151.25,51.73,54,4,6.91,light rain
383,Port Moresby,PG,-9.4431,147.1797,71.02,94,75,3.44,broken clouds
384,Teluknaga,ID,-6.0989,106.6381,79.61,78,20,5.75,mist
385,Carauari,BR,-4.8828,-66.8958,91.9,44,82,1.77,light rain
386,Cascais,PT,38.6979,-9.4215,71.46,74,75,10.0,broken clouds
387,Ponta Do Sol,PT,32.6667,-17.1,79.0,82,1,4.38,clear sky
388,Kharan,PK,28.5833,65.4167,98.38,14,6,3.51,clear sky
389,Hornepayne,CA,49.2138,-84.7705,69.62,58,99,9.24,overcast clouds
390,Catamarca,AR,-28.4696,-65.7852,74.59,42,0,3.0,clear sky
391,Burg,DE,51.8333,14.15,67.82,93,91,6.02,moderate rain
392,Alofi,NU,-19.0595,-169.9187,76.89,94,40,10.36,scattered clouds
393,Sioux Lookout,CA,50.1001,-91.917,79.18,38,75,17.27,smoke
394,Kalmunai,LK,7.4167,81.8167,79.86,80,100,7.27,overcast clouds
395,Nome,US,64.5011,-165.4064,50.16,87,90,8.05,light rain
396,Rocha,UY,-34.4833,-54.3333,69.3,80,36,9.13,scattered clouds
397,Celendin,PE,-6.8703,-78.1517,73.92,39,27,7.05,scattered clouds
398,Lisakovsk,KZ,52.5369,62.4936,58.35,79,3,7.25,clear sky
399,Avanigadda,IN,16.0215,80.9181,85.12,63,86,7.92,overcast clouds
400,Stykkisholmur,IS,65.0757,-22.7297,49.5,91,88,24.7,overcast clouds
401,Buchanan,LR,5.8808,-10.0467,76.96,79,42,7.61,scattered clouds
402,Flinders,AU,-34.5833,150.8552,55.26,66,0,3.0,clear sky
403,Shellbrook,CA,53.2168,-106.4011,74.43,32,100,10.78,overcast clouds
404,Cabo San Lucas,MX,22.8909,-109.9124,98.51,55,1,9.22,clear sky
405,Nogales,MX,31.3086,-110.9422,73.89,94,90,4.61,mist
406,Minab,IR,27.1467,57.0801,90.9,50,16,2.73,few clouds
407,Znamenskoye,RU,57.1281,73.8282,55.47,96,100,12.03,overcast clouds
408,Terme,TR,41.2092,36.9739,75.13,85,6,7.4,clear sky
409,Rongcheng,CN,30.634,117.8517,75.58,98,100,10.02,overcast clouds
410,Cabedelo,BR,-6.9811,-34.8339,74.07,79,2,13.69,clear sky
411,Yicheng,CN,31.3705,119.8703,77.79,96,100,28.21,moderate rain
412,Qorveh,IR,35.1664,47.8045,77.54,16,7,1.01,clear sky
413,Timra,SE,62.487,17.3257,64.67,74,10,3.44,clear sky
414,Aripuana,BR,-9.1667,-60.6333,97.41,24,15,1.52,few clouds
415,Mokhsogollokh,RU,61.4681,128.9203,56.07,82,3,4.25,clear sky
416,Fairbanks,US,64.8378,-147.7164,66.09,58,75,1.01,broken clouds
417,Arklow,IE,52.7931,-6.1414,70.84,86,77,1.61,broken clouds
418,Adeje,ES,28.1227,-16.726,74.84,46,0,13.8,clear sky
419,Vanimo,PG,-2.6741,141.3028,75.42,81,100,2.59,overcast clouds
420,Gorgan,IR,36.8387,54.4348,82.36,79,75,4.61,broken clouds
421,Morondava,MG,-20.2833,44.2833,70.95,55,33,16.37,scattered clouds
422,Kasiri,SL,8.9412,-13.1148,75.45,92,100,5.35,light rain
423,Jaisalmer,IN,26.9147,70.9181,89.98,59,100,23.62,heavy intensity rain
424,Husavik,IS,66.0449,-17.3389,60.71,64,100,6.26,overcast clouds
425,Benguela,AO,-12.5763,13.4055,70.41,82,66,5.39,broken clouds
426,Diapaga,BF,12.0708,1.7889,81.41,65,99,7.05,overcast clouds
427,Kadoma,JP,34.7333,135.5833,78.94,91,40,4.61,scattered clouds
428,Namwala,ZM,-15.7504,26.4384,56.82,49,0,6.29,clear sky
429,Bhadra,IN,29.1167,75.1667,93.6,51,95,11.59,overcast clouds
430,Rawson,AR,-43.3002,-65.1023,51.44,38,25,18.88,scattered clouds
431,Korla,CN,41.7597,86.1469,86.58,13,0,8.01,clear sky
432,Barcelos,PT,41.5388,-8.6151,71.28,90,35,5.12,scattered clouds
433,Agadez,NE,19.75,10.25,93.99,19,80,9.22,broken clouds
434,Plainview,US,40.7765,-73.4673,86.09,75,20,1.99,few clouds
435,Miri,MY,4.4148,114.0089,80.74,94,20,2.3,few clouds
436,Stavern,NO,59.0,10.0333,73.65,70,100,7.58,overcast clouds
437,Jiaozuo,CN,35.2397,113.2331,78.06,77,94,2.91,overcast clouds
438,Belozerskoye,RU,55.8214,65.5842,51.64,54,0,7.74,clear sky
439,Torbay,CA,47.6666,-52.7314,62.28,87,75,10.36,broken clouds
440,Atambua,ID,-9.1061,124.8925,66.47,73,85,4.29,overcast clouds
441,Khasan,RU,42.4308,130.6434,73.2,96,68,2.57,broken clouds
442,Aliwal North,ZA,-30.6937,26.7114,38.19,40,5,3.49,clear sky
443,Killybegs,IE,54.6333,-8.45,62.31,84,0,9.08,clear sky
444,Richards Bay,ZA,-28.783,32.0377,57.54,83,0,6.87,clear sky
445,Launceston,AU,-41.45,147.1667,44.8,89,64,4.0,broken clouds
446,Vestmannaeyjar,IS,63.4427,-20.2734,50.99,93,75,14.97,broken clouds
447,Pangnirtung,CA,66.1451,-65.7125,46.4,100,90,10.36,overcast clouds
448,Anloga,GH,5.7947,0.8973,76.5,80,10,14.29,clear sky
449,Souillac,MU,-20.5167,57.5167,70.18,64,20,11.5,few clouds
450,Ancud,CL,-41.8697,-73.8203,47.73,60,33,10.54,scattered clouds
451,Asmara,ER,15.3333,38.9333,61.05,78,100,2.53,overcast clouds
452,Hurricane,US,37.1753,-113.2899,94.44,32,31,3.49,scattered clouds
453,Archidona,ES,37.0965,-4.3887,82.4,51,11,9.19,few clouds
454,Gao,ML,16.6362,1.637,93.67,38,10,9.51,clear sky
455,Etawah,IN,26.7769,79.0239,87.4,66,100,7.43,moderate rain
456,Awbari,LY,26.5921,12.7805,86.04,20,0,10.27,clear sky
457,Dolores,AR,-36.3132,-57.6792,58.15,80,100,11.05,overcast clouds
458,Tomatlan,MX,19.9333,-105.25,91.87,57,13,8.77,few clouds
459,Honiara,SB,-9.4333,159.95,76.93,88,55,6.04,broken clouds
460,Caravelas,BR,-17.7125,-39.2481,71.06,71,29,7.83,scattered clouds
461,Turayf,SA,31.6725,38.6637,89.85,33,0,9.22,clear sky
462,Saint Anthony,US,45.0205,-93.218,93.18,27,1,3.0,clear sky
463,Itoman,JP,26.1247,127.6694,80.98,94,75,13.8,light rain
464,Gafanha Da Encarnacao,PT,40.6181,-8.733,67.77,39,64,5.99,broken clouds
465,Ahuimanu,US,21.4447,-157.8378,87.51,71,75,13.8,light rain
466,Banda Aceh,ID,5.5577,95.3222,79.75,83,98,6.8,overcast clouds
467,Akdepe,TM,42.0551,59.3788,89.69,35,0,13.98,clear sky
468,Tiznit,MA,29.5833,-9.5,80.24,36,0,4.09,clear sky
469,Tahta,EG,26.7693,31.5021,88.12,25,0,6.26,clear sky
470,Baleshwar,IN,21.4942,86.9317,84.58,73,98,6.06,overcast clouds
471,Iskateley,RU,67.6803,53.1512,40.6,88,50,12.95,scattered clouds
472,Yumen,CN,40.2833,97.2,76.3,33,4,10.07,clear sky
473,San Cristobal,VE,7.7669,-72.225,80.78,52,100,4.43,overcast clouds
474,Dhing,IN,26.4667,92.4667,79.54,93,100,3.96,overcast clouds
475,Lata,PT,40.1629,-8.3327,67.91,96,57,4.88,broken clouds
476,Santa Flavia,IT,38.085,13.5351,85.24,66,4,5.01,clear sky
477,Teahupoo,PF,-17.8333,-149.2667,76.96,68,0,11.65,clear sky
478,Gazanjyk,TM,39.2446,55.5154,84.11,66,2,14.88,clear sky
479,Lang Suan,TH,9.9456,99.0785,77.95,87,100,6.17,overcast clouds
480,Sao Jose Da Coroa Grande,BR,-8.8978,-35.1478,74.88,86,25,13.27,scattered clouds
481,Vostok,RU,46.4856,135.8833,66.11,87,100,3.4,overcast clouds
482,Vila Franca Do Campo,PT,37.7167,-25.4333,72.01,83,44,7.27,scattered clouds
483,Akyab,MM,20.15,92.9,79.09,96,100,12.66,light rain
484,Ribeira Brava,PT,32.65,-17.0667,79.0,84,1,2.84,clear sky
485,Isla Del Bosque,MX,22.7333,-105.85,87.84,65,27,11.12,scattered clouds
486,Yarmouth,US,41.7057,-70.2286,73.45,88,90,8.01,overcast clouds
487,Pareora,NZ,-44.4871,171.2132,46.18,85,100,5.35,overcast clouds
488,Prince Rupert,CA,54.3161,-130.3201,62.29,80,90,4.61,light rain
489,Plastun,RU,44.7561,136.2939,68.18,93,94,3.02,overcast clouds
490,Lincoln,US,40.8,-96.667,87.3,47,1,1.01,clear sky
491,Samarai,PG,-10.6167,150.6667,78.3,78,100,14.52,light rain
492,Peniche,PT,39.3558,-9.3811,71.08,91,17,10.04,few clouds
493,Novoagansk,RU,61.9449,76.6625,56.5,96,100,18.3,light rain
494,Lagodekhi,GE,41.8268,46.2767,76.1,67,4,2.8,clear sky
495,Baisha,CN,26.5222,110.9311,73.94,94,0,1.77,clear sky
496,Calamar,CO,10.2511,-74.9146,84.15,71,100,4.34,overcast clouds
497,Alencon,FR,48.4333,0.0833,65.19,95,43,5.32,scattered clouds
498,Nakama,JP,33.8167,130.7,78.66,73,96,5.99,overcast clouds
499,Gat,IL,31.61,34.7642,82.81,78,1,7.27,clear sky
500,Esso,RU,55.9333,158.7,60.91,84,40,3.27,scattered clouds
501,Bayanday,RU,53.0661,105.5139,53.08,67,1,2.66,clear sky
502,Buin,CL,-33.7333,-70.75,62.92,45,21,7.43,few clouds
503,Mahenge,TZ,-8.6833,36.7167,58.17,42,0,5.3,clear sky
504,Pacifica,US,37.6138,-122.4869,91.92,76,40,5.01,scattered clouds
505,Quang Ngai,VN,15.1167,108.8,77.81,83,99,5.59,overcast clouds
506,Kulhudhuffushi,MV,6.6221,73.07,81.84,77,100,18.23,light rain
507,Clarksville,US,36.5298,-87.3595,96.69,58,75,6.91,broken clouds
508,Kutoarjo,ID,-7.7169,109.9128,71.89,90,14,3.91,few clouds
509,Yanam,IN,16.7333,82.2167,80.96,81,84,4.23,broken clouds
510,Kousseri,CM,12.0769,15.0306,75.16,94,20,4.61,moderate rain
511,Deputatskiy,RU,69.3,139.9,46.22,71,5,3.04,clear sky
512,Faya,SA,18.3851,42.4509,66.31,78,100,4.76,overcast clouds
513,Sulangan,PH,11.1373,123.7228,84.0,72,56,14.97,broken clouds
514,Ust-Omchug,RU,61.15,149.6333,53.15,98,100,6.02,light rain
515,Havelock,US,34.8791,-76.9013,88.03,73,100,5.01,overcast clouds
516,Uyuni,BO,-20.4597,-66.825,50.07,29,99,16.91,overcast clouds
517,Rio De Janeiro,BR,-22.9028,-43.2075,82.35,61,0,12.66,clear sky
518,Conde,BR,-7.2597,-34.9075,72.86,94,75,8.05,broken clouds
519,Orneta,PL,54.1148,20.1333,66.72,78,100,10.51,overcast clouds
520,Mariinsk,RU,56.2139,87.7472,65.19,96,78,4.56,light rain
521,Ligourion,GR,37.6167,23.0333,77.18,49,0,6.2,clear sky
522,Letnyaya Stavka,RU,45.4306,43.4472,78.6,40,67,6.53,broken clouds
523,Evora,PT,38.5667,-7.9,70.74,67,100,12.33,overcast clouds
524,Chara,RU,56.9064,118.2631,54.91,73,61,5.21,broken clouds
525,Bela,IN,25.9333,81.9833,84.42,76,99,6.93,overcast clouds
526,Dekar,BW,-21.5333,21.9333,49.62,53,0,8.48,clear sky
527,Aleksandrovka,UA,46.8383,32.7612,75.15,100,12,6.78,few clouds
528,Changchun,CN,43.88,125.3228,77.14,71,86,6.71,overcast clouds
529,Varberg,SE,57.1056,12.2508,73.53,65,78,6.76,broken clouds
530,Akhmeta,GE,42.0311,45.2075,73.92,77,25,3.0,scattered clouds
531,Labuhan,ID,-6.8844,112.2051,72.81,83,47,7.47,scattered clouds
532,Bayeux,BR,-7.125,-34.9322,74.03,94,75,8.05,broken clouds
533,Hay River,CA,60.8156,-115.7999,60.78,59,40,6.91,scattered clouds
534,Celestun,MX,20.8667,-90.4,86.54,64,95,12.95,overcast clouds
535,Khokhryaki,RU,56.9156,53.3221,50.05,87,90,1.57,overcast clouds
536,Cockburn Town,TC,21.4612,-71.1419,82.8,80,15,8.97,few clouds
537,Hokitika,NZ,-42.7167,170.9667,49.48,92,100,8.84,light rain
538,Bintulu,MY,3.1667,113.0333,81.01,94,40,4.61,scattered clouds
539,Saint-Joseph,RE,-21.3667,55.6167,68.36,76,27,12.15,scattered clouds
540,Hanna,CA,51.6334,-111.9018,83.12,32,25,5.01,scattered clouds
541,Loutra,GR,39.0569,26.545,75.96,69,0,6.91,clear sky
542,Storslett,NO,69.7678,21.0247,53.33,99,100,3.02,overcast clouds
543,Ovre Ardal,NO,61.3167,7.8,67.08,49,98,4.68,overcast clouds
544,Yangambi,CD,0.8102,24.4336,79.11,57,100,2.06,overcast clouds
545,Tari,NG,12.4086,4.4914,82.94,66,97,8.01,light rain
546,Champerico,GT,14.3,-91.9167,93.74,71,39,7.9,scattered clouds
547,Gamboma,CG,-1.8764,15.8644,82.96,35,94,1.7,overcast clouds
548,Bontang,ID,0.1333,117.5,76.71,87,80,6.85,broken clouds
549,Muroto,JP,33.2833,134.15,77.4,85,95,9.89,overcast clouds
550,Muhos,FI,64.808,25.9931,62.38,88,19,2.8,few clouds
551,Kailua,US,21.4022,-157.7394,87.78,74,75,13.8,light rain
552,Ca Mau,VN,9.1769,105.15,77.58,89,100,4.23,overcast clouds
553,Marion,US,39.7684,-86.1555,89.38,70,75,8.05,broken clouds
554,Quzhou,CN,28.9594,118.8686,76.66,91,100,13.22,overcast clouds
555,Ivanovka,KG,42.8878,75.085,70.23,22,0,4.38,clear sky
556,Zamora,EC,-4.0692,-78.9567,85.24,61,80,4.07,light rain
557,Dinguiraye,GN,11.3,-10.7167,73.08,89,98,0.74,light rain
558,Lundazi,ZM,-12.2929,33.1782,54.18,63,0,10.2,clear sky
559,Gubkinskiy,RU,64.434,76.5026,55.9,78,100,15.03,light rain
560,Altamont,US,42.2068,-121.7372,96.78,24,1,1.01,clear sky
561,Ucluelet,CA,48.9329,-125.5528,82.04,85,5,3.0,clear sky
562,Bukama,CD,-9.2,25.85,70.21,36,20,5.32,few clouds
563,Denpasar,ID,-8.65,115.2167,73.06,88,20,2.3,few clouds
564,Morant Bay,JM,17.8815,-76.4093,85.66,70,79,6.64,broken clouds
565,Virginia Beach,US,36.8529,-75.978,91.02,58,40,14.97,scattered clouds
566,Chimichagua,CO,9.2578,-73.8123,77.29,91,100,2.44,overcast clouds
567,Oyon,PE,-10.6681,-76.7731,54.95,46,77,4.72,light rain
568,Nerang,AU,-27.9833,153.3333,51.04,79,0,4.14,clear sky
569,Bethanien,NA,-26.502,17.1583,57.34,26,87,10.92,overcast clouds
570,Ilebo,CD,-4.3167,20.5833,76.24,34,6,2.37,clear sky
571,Boddam,GB,57.4667,-1.7833,64.78,92,20,8.3,few clouds
572,Roald,NO,62.5833,6.1333,69.01,88,0,10.36,clear sky
573,Yaring,TH,6.8662,101.3689,78.87,83,82,6.87,broken clouds
574,Sinnamary,GF,5.3833,-52.95,81.19,77,63,6.02,broken clouds
575,Aksu,CN,41.1231,80.2644,85.26,26,0,2.8,clear sky
576,Lukovetskiy,RU,64.2956,41.9211,46.38,89,25,3.13,scattered clouds
577,Solnechnyy,RU,50.7214,136.6319,72.41,76,100,1.99,overcast clouds
578,Vrangel,RU,42.7297,133.0839,73.0,94,36,2.64,scattered clouds
579,Bad Soden-Salmunster,DE,50.2757,9.3671,69.89,92,8,4.47,light rain
580,Omboue,GA,-1.5746,9.2618,73.56,81,97,6.62,overcast clouds
581,Shache,CN,38.4167,77.2406,85.86,25,0,4.14,clear sky
582,Sungaipenuh,ID,-2.0833,101.3833,63.37,96,10,3.18,clear sky
583,Manokwari,ID,-0.8667,134.0833,78.22,75,97,4.05,overcast clouds
584,Pemangkat,ID,1.1667,108.9667,80.26,84,45,8.34,scattered clouds
585,Pinar Del Rio,CU,22.4175,-83.6981,83.44,71,86,6.67,overcast clouds
586,Cortez,US,37.3489,-108.5859,85.68,47,1,12.66,clear sky
587,Tynda,RU,55.1667,124.7167,58.24,96,100,2.89,overcast clouds
588,Pochutla,MX,15.7432,-96.4661,91.81,53,94,7.47,overcast clouds
589,Almeirim,BR,-1.5233,-52.5817,87.98,53,98,1.21,overcast clouds
590,Opportunity,US,47.6499,-117.2399,95.9,21,1,3.0,clear sky
591,Atasu,KZ,48.6814,71.6433,71.89,65,9,16.73,clear sky
592,Pitimbu,BR,-7.4706,-34.8086,73.99,80,8,13.65,clear sky
593,Saint-Francois,FR,46.4154,3.9054,68.18,72,0,3.44,clear sky
594,Antofagasta,CL,-23.65,-70.4,60.08,78,71,8.5,broken clouds
595,Kondinskoye,RU,59.6481,67.41,52.86,63,100,11.43,overcast clouds
596,Batagay,RU,67.6333,134.6333,58.41,67,24,2.35,few clouds
597,Zdvinsk,RU,54.7021,78.661,68.25,75,42,5.39,light rain
598,Nevers,FR,46.9167,3.3333,66.79,81,100,4.5,overcast clouds
599,Santa Fe,AR,-31.6333,-60.7,63.75,65,16,4.0,few clouds
600,Boa Vista,BR,2.8197,-60.6733,85.98,62,75,3.44,broken clouds
601,Leua,SK,48.2156,18.6071,67.5,90,47,10.65,scattered clouds
602,Bakal,RU,54.9417,58.8083,44.04,79,0,1.48,clear sky
603,Noyabrsk,RU,63.1994,75.4507,52.43,91,100,20.22,moderate rain
604,Vahan,AM,40.5755,45.3977,58.95,87,61,3.53,broken clouds
605,La Palma,US,33.8464,-118.0467,97.02,62,75,7.0,broken clouds
606,Berdigestyakh,RU,62.0989,126.6992,55.81,74,8,4.52,clear sky
607,Ranong,TH,9.9658,98.6348,78.82,88,100,7.63,light rain
608,Lagunas,PE,-5.2269,-75.6753,93.45,37,12,0.47,few clouds
609,Inhambane,MZ,-23.865,35.3833,65.46,68,100,11.65,light rain
610,Comodoro Rivadavia,AR,-45.8667,-67.5,49.86,40,40,12.66,scattered clouds
611,Makakilo City,US,21.3469,-158.0858,86.32,56,75,12.66,broken clouds
612,Grand Gaube,MU,-20.0064,57.6608,70.2,62,8,4.0,clear sky
613,Amazar,RU,53.858,120.875,58.78,94,98,4.45,overcast clouds
614,Storforshei,NO,66.4043,14.5233,62.38,82,0,1.14,clear sky
615,Coquimbo,CL,-29.9533,-71.3436,58.73,67,0,12.66,clear sky
616,Kudeyevskiy,RU,54.8758,56.7567,52.16,68,0,2.98,clear sky
617,Puerto Gaitan,CO,4.3133,-72.0816,80.35,72,100,7.81,overcast clouds
618,Srivardhan,IN,18.0333,73.0167,80.13,88,100,17.63,overcast clouds
619,Seydi,TM,39.4816,62.9137,93.43,14,0,13.65,clear sky
620,Jamkhed,IN,18.7362,75.3121,72.77,89,71,14.83,broken clouds
621,Piedra Gorda,PR,18.4341,-66.8877,87.15,72,65,5.01,broken clouds
622,Mancio Lima,BR,-7.6142,-72.8958,91.47,55,75,5.75,broken clouds
623,Blackwater,AU,-23.5833,148.8833,49.42,48,29,5.26,scattered clouds
624,Turbat,PK,26.0023,63.044,85.8,69,100,5.5,overcast clouds
625,Marrakesh,MA,31.6315,-8.0083,87.87,30,0,11.5,clear sky
626,Bandundu,CD,-3.3167,17.3667,81.48,29,97,3.22,overcast clouds
627,Hofn,IS,64.2539,-15.2082,52.02,94,100,19.93,overcast clouds
628,Saint-Augustin,CA,51.226,-58.6502,72.68,54,9,20.92,clear sky
629,Nouadhibou,MR,20.931,-17.0347,71.58,88,8,20.71,clear sky
630,Juneau,US,58.3019,-134.4197,61.84,87,75,5.75,light rain
631,Steinbach,DE,50.1667,8.5667,70.99,78,20,4.61,few clouds
632,Ndola,ZM,-12.9587,28.6366,37.74,65,0,7.0,clear sky
633,Aykhal,RU,66.0,111.5,68.14,63,7,8.63,clear sky
634,Agadir,MA,30.4202,-9.5982,70.25,63,0,4.03,clear sky
635,Corinto,GR,37.9407,22.9573,81.68,47,0,2.42,clear sky
636,Teya,RU,60.3778,92.6267,63.59,69,7,2.89,clear sky
637,Antipovka,RU,49.8299,45.3122,67.71,47,31,8.23,scattered clouds
638,Panama City,PA,8.9936,-79.5197,81.05,94,75,5.75,broken clouds
639,Tura,IN,25.5198,90.2201,75.56,95,100,5.1,overcast clouds
640,Ierapetra,GR,35.01,25.7353,77.18,72,0,15.97,clear sky
641,Port Augusta,AU,-32.5,137.7667,50.7,77,0,9.62,clear sky
642,Eichstatt,DE,48.8833,11.1833,69.4,91,52,3.65,broken clouds
643,Palauig,PH,15.435,119.9045,81.57,87,100,14.29,overcast clouds
644,Baijiantan,CN,45.6333,85.1833,86.92,18,0,12.01,clear sky
645,Grand Baie,MU,-20.0182,57.5802,70.27,62,5,5.99,clear sky
646,Baraboo,US,43.4711,-89.7443,89.74,38,1,1.01,clear sky
647,Chapais,CA,49.7834,-74.8492,65.98,50,91,8.93,overcast clouds
648,Burnie,AU,-41.0667,145.9167,44.92,85,33,8.99,scattered clouds
649,Yambio,SS,4.5721,28.3955,68.43,98,100,2.21,moderate rain
650,Victoria Point,AU,-27.5833,153.3,51.35,70,0,1.01,clear sky
651,Bay Roberts,CA,47.5999,-53.2648,63.03,82,93,3.0,overcast clouds
652,Pauini,BR,-7.7136,-66.9764,98.69,27,36,2.64,scattered clouds
653,Sistranda,NO,63.7256,8.834,55.9,91,18,9.31,few clouds
654,Darab,IR,28.7519,54.5444,91.72,24,0,4.25,clear sky
655,Kaduqli,SD,11.0167,29.7167,73.83,88,100,7.74,overcast clouds
656,Neijiang,CN,29.5835,105.0622,75.67,89,4,2.04,clear sky
657,Cache Creek,CA,50.8101,-121.3246,81.91,29,56,5.97,broken clouds
658,Amuntai,ID,-2.4177,115.2494,69.71,94,0,1.07,clear sky
659,Alihe,CN,50.5667,123.7167,56.23,97,94,2.98,overcast clouds
660,Tuburan,PH,6.6439,122.2736,81.82,77,99,6.35,overcast clouds
661,Eastleigh,GB,50.9667,-1.35,69.1,76,20,3.44,few clouds
662,Tommot,RU,58.9564,126.2925,59.81,85,98,2.8,overcast clouds
663,Muskogee,US,35.5834,-95.3336,98.46,59,1,0.72,clear sky
664,Neryungri,RU,56.6709,124.6491,51.04,95,13,6.44,few clouds
665,Okhotsk,RU,59.3833,143.3,55.99,98,100,3.4,heavy intensity rain
666,Port Shepstone,ZA,-30.7414,30.455,58.87,83,0,11.99,clear sky
667,Vanino,RU,49.0869,140.2543,68.5,94,75,0.96,broken clouds
668,Sfantu Gheorghe,RO,45.8667,25.7833,65.57,66,5,3.51,clear sky
669,Ginda,IN,30.6945,78.4932,69.31,99,100,1.48,moderate rain
670,Altamira,BR,-3.2033,-52.2064,91.49,46,20,4.61,few clouds
671,Port-Gentil,GA,-0.7193,8.7815,75.83,79,97,9.55,overcast clouds
672,Poronaysk,RU,49.2167,143.1167,68.9,88,100,6.26,overcast clouds
673,Kamaishi,JP,39.2667,141.8833,70.56,86,72,7.2,broken clouds
674,Soe,ID,-9.8607,124.284,60.19,68,19,4.21,few clouds
675,Haines Junction,CA,60.7522,-137.5108,58.95,55,98,3.44,overcast clouds
676,Dingzhou,CN,38.5131,114.9956,77.11,87,67,5.41,broken clouds
677,Ilulissat,GL,69.2167,-51.1,53.62,37,100,9.22,overcast clouds
678,Shitkino,RU,56.3703,98.3543,61.63,67,55,2.57,broken clouds
679,Karasjok,NO,69.4719,25.5112,46.51,85,98,4.85,overcast clouds
680,Menongue,AO,-14.6585,17.691,55.36,44,0,5.93,clear sky
681,Luau,AO,-10.7073,22.2247,63.77,32,4,5.55,clear sky
682,Atbasar,KZ,51.8,68.3333,62.22,67,2,7.87,clear sky
683,Casper,US,42.8666,-106.3131,96.01,16,1,5.01,smoke
684,Abu Dhabi,AE,24.4667,54.3667,100.51,63,86,0.0,overcast clouds
685,Bafra,TR,41.5678,35.9069,74.98,85,0,8.21,clear sky
686,Vila,PT,42.0304,-8.1588,61.74,85,18,3.44,few clouds
687,Igrim,RU,63.1906,64.4162,46.08,83,1,5.06,clear sky
688,Ojinaga,MX,29.5667,-104.4167,101.57,29,1,6.91,clear sky
689,Namatanai,PG,-3.6667,152.4333,78.44,84,95,1.72,overcast clouds
690,Ladario,BR,-19.0047,-57.6017,95.29,28,0,11.5,clear sky
691,Wang Saphung,TH,17.301,101.7685,75.07,90,100,4.5,overcast clouds
692,Ugoofaaru,MV,5.6667,73.0,82.04,77,99,17.67,overcast clouds
693,Ampanihy,MG,-24.7,44.75,60.96,70,50,13.22,scattered clouds
694,Dunda,TZ,-8.1167,34.25,56.97,51,0,5.86,clear sky
695,Camacha,PT,33.0833,-16.3333,75.52,88,40,13.8,scattered clouds
696,Nyaunglebin,MM,17.95,96.7333,74.55,98,100,6.76,overcast clouds
697,Nizhnekamsk,RU,55.6366,51.8245,59.79,47,0,2.24,clear sky
698,Vidosi,BA,43.7714,17.0283,74.71,43,100,4.43,overcast clouds
699,Ossora,RU,59.2353,163.0719,58.01,94,100,2.73,overcast clouds
700,Floirac,FR,44.8324,-0.5141,66.9,83,0,5.75,clear sky
701,Leskovac,RS,42.9981,21.9461,74.79,45,0,4.36,clear sky
702,Chadan,RU,51.2833,91.5833,61.52,76,91,2.91,overcast clouds
703,Marystown,CA,47.1666,-55.1483,60.98,76,73,3.76,broken clouds
704,General Teran,MX,25.2667,-99.6833,97.84,26,5,9.57,clear sky
705,Hualmay,PE,-11.0964,-77.6139,67.44,73,21,9.26,few clouds
706,Bulungu,CD,-4.55,18.6,79.54,28,71,2.26,broken clouds
707,Tambura,SS,5.6,27.4667,68.58,99,100,2.77,moderate rain
708,Clyde River,CA,70.4692,-68.5914,34.0,97,100,4.05,overcast clouds
709,Sweetwater,US,25.7634,-80.3731,89.02,71,75,1.01,thunderstorm
710,Raychikhinsk,RU,49.7838,129.4121,66.24,99,100,7.36,moderate rain
711,Chihuahua,MX,28.5,-106.0,79.63,29,36,11.7,scattered clouds
712,Barranca,PE,-10.75,-77.7667,67.84,69,33,8.59,scattered clouds
713,Batemans Bay,AU,-35.7167,150.1833,52.2,62,4,8.28,clear sky
714,Wembley,AU,-31.9333,115.8,56.05,89,75,8.05,broken clouds
715,Cabinda,AO,-5.55,12.2,72.07,85,88,6.6,overcast clouds
716,Mangai,CD,-4.05,19.5333,79.92,29,77,3.15,broken clouds
717,Margate,GB,51.3813,1.3862,66.04,88,45,1.01,scattered clouds
718,Kyren,RU,51.6828,102.1408,56.44,83,0,1.16,clear sky
719,Sembe,CG,1.6481,14.5806,70.54,96,89,2.57,moderate rain
720,Melbu,NO,68.5044,14.8297,56.32,90,92,2.66,overcast clouds
721,Saint-Pierre,RE,-21.3393,55.4781,69.44,68,20,6.91,few clouds
722,Bandarbeyla,SO,9.4942,50.8122,76.3,79,0,26.19,clear sky
723,Aleksandrovskoye,RU,44.7142,43.0008,73.54,43,100,14.12,overcast clouds
724,Roma,US,43.2128,-75.4557,84.94,61,20,1.99,few clouds
725,Olga,RU,43.7444,135.2892,67.89,97,52,2.33,broken clouds
726,Narsaq,GL,60.9167,-46.05,59.22,53,42,4.36,scattered clouds
727,Melito Di Porto Salvo,IT,37.9222,15.7714,86.32,69,0,5.75,clear sky
728,Yantzaza,EC,-3.8278,-78.7594,78.12,64,80,3.22,broken clouds
729,Umtata,ZA,-31.5889,28.7844,45.16,53,0,1.14,clear sky
730,Anadyr,RU,64.75,177.4833,52.3,100,90,5.99,overcast clouds
731,Kosonsoy,UZ,41.2561,71.5508,75.76,21,0,6.82,clear sky
732,Phan Thiet,VN,10.9333,108.1,75.72,93,91,9.62,overcast clouds
733,Evensk,RU,61.95,159.2333,48.63,99,100,7.23,light rain
734,Salekhard,RU,66.53,66.6019,48.61,78,92,10.76,overcast clouds
735,Khor,RU,47.8861,134.9464,71.71,85,29,5.39,scattered clouds
736,Bonfim,BR,3.0833,-59.95,86.27,63,100,4.18,overcast clouds
737,Port-Cartier,CA,50.0334,-66.8654,65.93,74,100,4.88,overcast clouds
738,Preobrazheniye,RU,42.9019,133.9064,70.83,87,57,2.71,broken clouds
739,Biysk,RU,52.5364,85.2072,65.19,78,6,7.45,clear sky
740,Nakhon Phanom,TH,17.3333,104.4167,74.75,95,100,5.59,overcast clouds
741,Luderitz,NA,-26.6481,15.1594,67.35,23,100,4.76,overcast clouds
